{"stats":{"minecraft:killed_by":{"vampirism:vampire":1,"minecraft:skeleton":2},"minecraft:crafted":{"minecraft:wooden_sword":1,"minecraft:crafting_table":1,"minecraft:stick":8,"minecraft:wooden_pickaxe":1,"minecraft:wooden_axe":1,"vampirism:stake":1,"minecraft:jungle_planks":20},"minecraft:picked_up":{"minecraft:wooden_axe":1,"minecraft:stick":1,"minecraft:crafting_table":2,"minecraft:jungle_log":5,"vampirism:fire_place":1,"minecraft:wooden_pickaxe":1,"vampirism:stake":1,"minecraft:enchanted_book":1,"minecraft:porkchop":18,"minecraft:wooden_sword":1,"minecraft:apple":1,"minecraft:gray_wool":4,"minecraft:mutton":12,"minecraft:white_wool":2},"minecraft:mined":{"minecraft:crafting_table":1,"minecraft:jungle_log":5,"minecraft:fern":1},"minecraft:used":{"minecraft:wooden_axe":13,"vampirism:fire_place":1,"minecraft:apple":1,"minecraft:wooden_sword":4,"minecraft:crafting_table":1,"vampirism:stake":1},"minecraft:killed":{"minecraft:sheep":3,"minecraft:zombie":2,"minecraft:pig":4,"minecraft:creeper":1},"minecraft:custom":{"minecraft:time_since_rest":170,"minecraft:sprint_one_cm":61172,"minecraft:damage_taken":765,"minecraft:walk_one_cm":22982,"minecraft:mob_kills":10,"minecraft:damage_dealt":1260,"minecraft:interact_with_crafting_table":2,"minecraft:fly_one_cm":73703,"minecraft:crouch_one_cm":4,"minecraft:play_time":16038,"minecraft:deaths":3,"minecraft:sneak_time":111,"minecraft:jump":338,"minecraft:time_since_death":141,"minecraft:climb_one_cm":372,"minecraft:total_world_time":16038,"minecraft:fall_one_cm":7097}},"DataVersion":3465}