{"stats":{"minecraft:killed_by":{"vampirism:vampire":1,"minecraft:skeleton":3},"minecraft:crafted":{"minecraft:wooden_sword":1,"minecraft:crafting_table":1,"minecraft:stick":8,"minecraft:wooden_pickaxe":1,"minecraft:wooden_axe":1,"vampirism:stake":1,"minecraft:jungle_planks":20},"minecraft:picked_up":{"minecraft:wooden_axe":3,"vampirism:vampire_blood_bottle":2,"minecraft:stick":1,"minecraft:crafting_table":3,"minecraft:jungle_log":5,"vampirism:fire_place":1,"minecraft:wooden_pickaxe":3,"vampirism:stake":3,"minecraft:enchanted_book":3,"minecraft:porkchop":36,"vampirism:vampire_fang":1,"minecraft:lantern":1,"minecraft:wooden_sword":3,"minecraft:apple":1,"minecraft:gray_wool":9,"minecraft:mutton":23,"minecraft:white_wool":5},"minecraft:mined":{"minecraft:crafting_table":1,"minecraft:jungle_log":5,"minecraft:fern":1},"minecraft:used":{"minecraft:wooden_axe":25,"vampirism:fire_place":1,"minecraft:apple":1,"minecraft:lantern":1,"minecraft:wooden_sword":4,"minecraft:crafting_table":1,"vampirism:stake":122},"minecraft:killed":{"minecraft:sheep":6,"vampirism:vampire":4,"minecraft:zombie":4,"minecraft:pig":4,"vampirism:advanced_vampire":2,"minecraft:creeper":1},"minecraft:custom":{"minecraft:time_since_rest":24123,"minecraft:interact_with_smithing_table":1,"minecraft:sprint_one_cm":92475,"minecraft:damage_taken":1014,"minecraft:walk_one_cm":61558,"minecraft:mob_kills":21,"minecraft:damage_dealt":5030,"minecraft:interact_with_cartography_table":1,"minecraft:interact_with_crafting_table":3,"minecraft:fly_one_cm":683232,"vampirism:interact_with_research_table":8,"minecraft:open_barrel":9,"vampirism:interact_with_garlic_diffuser":2,"minecraft:open_chest":7,"minecraft:crouch_one_cm":68,"minecraft:play_time":40800,"minecraft:deaths":4,"minecraft:sneak_time":417,"minecraft:walk_under_water_one_cm":3153,"minecraft:interact_with_lectern":1,"minecraft:damage_dealt_resisted":328,"minecraft:jump":629,"minecraft:leave_game":1,"minecraft:walk_on_water_one_cm":285,"minecraft:time_since_death":24056,"minecraft:climb_one_cm":2052,"minecraft:total_world_time":40800,"minecraft:fall_one_cm":9928,"minecraft:horse_one_cm":107}},"DataVersion":3465}