{"stats":{"minecraft:picked_up":{"minecraft:string":1},"minecraft:custom":{"minecraft:jump":8,"minecraft:time_since_rest":2819,"minecraft:leave_game":1,"minecraft:damage_dealt":160,"minecraft:sprint_one_cm":1113,"minecraft:play_time":2819,"minecraft:damage_taken":50,"minecraft:time_since_death":2819,"minecraft:walk_one_cm":2075,"minecraft:total_world_time":2819,"minecraft:mob_kills":1,"minecraft:fall_one_cm":613,"minecraft:fly_one_cm":578},"minecraft:killed":{"minecraft:spider":1},"minecraft:used":{"minecraft:netherite_sword":2}},"DataVersion":3465}