{"stats":{"minecraft:broken":{"minecraft:golden_hoe":1},"minecraft:crafted":{"minecraft:oak_planks":20,"minecraft:crafting_table":1,"minecraft:wooden_pickaxe":1,"minecraft:stone_axe":1,"minecraft:jungle_planks":40,"minecraft:oak_boat":1,"minecraft:stick":8,"minecraft:stone_pickaxe":1,"minecraft:white_bed":1},"minecraft:dropped":{"minecraft:cocoa_beans":6,"minecraft:wheat":1,"man:cassette_1safetyinstructions":1,"vampirism:hunter_axe_normal":1,"minecraft:filled_map":2,"vampirism:basic_double_crossbow":2,"vampirism:crucifix_normal":1,"minecraft:wooden_pickaxe":2},"minecraft:custom":{"minecraft:mob_kills":11,"minecraft:interact_with_crafting_table":6,"vampirism:interact_with_research_table":1,"minecraft:open_barrel":12,"vampirism:interact_with_garlic_diffuser":1,"minecraft:leave_game":1,"minecraft:time_since_death":66936,"minecraft:sleep_in_bed":3,"minecraft:climb_one_cm":5804,"minecraft:time_since_rest":15065,"minecraft:sprint_one_cm":236690,"minecraft:damage_taken":810,"minecraft:walk_one_cm":87169,"minecraft:drop":16,"vampirism:interact_with_totem":9,"minecraft:damage_dealt":2002,"minecraft:talked_to_villager":3,"minecraft:swim_one_cm":39348,"minecraft:fly_one_cm":344532,"minecraft:open_chest":23,"minecraft:crouch_one_cm":4947,"minecraft:play_time":66936,"minecraft:sneak_time":1784,"minecraft:walk_under_water_one_cm":4910,"minecraft:boat_one_cm":143832,"minecraft:jump":1548,"minecraft:walk_on_water_one_cm":12237,"minecraft:total_world_time":66936,"minecraft:fall_one_cm":48760},"minecraft:mined":{"minecraft:white_bed":1,"minecraft:dandelion":8,"minecraft:crafting_table":3,"minecraft:grass_block":6,"minecraft:poppy":4,"minecraft:melon":3,"minecraft:chest":1,"minecraft:jungle_log":10,"minecraft:tall_grass":19,"minecraft:sugar_cane":8,"minecraft:hay_block":58,"minecraft:iron_ore":5,"minecraft:wheat":1,"minecraft:birch_leaves":4,"vampirism:tent":1,"minecraft:grass":37,"minecraft:bookshelf":8,"minecraft:oak_log":5,"minecraft:coal_ore":8,"minecraft:dirt":2,"minecraft:stone":18,"minecraft:oak_leaves":4,"minecraft:fern":2},"minecraft:picked_up":{"minecraft:cocoa_beans":6,"minecraft:iron_chestplate":1,"minecraft:crafting_table":3,"minecraft:wheat":1,"vampirism:vampire_blood_bottle":1,"minecraft:cooked_beef":11,"vampirism:item_tent":1,"minecraft:jungle_log":10,"minecraft:leather":9,"minecraft:wooden_pickaxe":1,"minecraft:filled_map":1,"minecraft:birch_planks":7,"minecraft:enchanted_book":1,"minecraft:oak_log":5,"minecraft:gunpowder":3,"minecraft:dirt":7,"man:cassette_1safetyinstructions":1,"minecraft:apple":1,"minecraft:wheat_seeds":11,"minecraft:iron_ingot":1,"minecraft:stone_pickaxe":1,"minecraft:oak_boat":3,"minecraft:poppy":4,"minecraft:bamboo":12,"minecraft:melon_slice":88,"minecraft:sugar_cane":13,"minecraft:chest":1,"minecraft:birch_sapling":1,"minecraft:oak_planks":64,"minecraft:furnace":1,"minecraft:book":24,"minecraft:raw_iron":5,"vampirism:basic_double_crossbow":1,"minecraft:birch_boat":1,"minecraft:cooked_porkchop":3,"minecraft:dandelion":8,"minecraft:torch":9,"vampirism:crucifix_normal":2,"minecraft:white_bed":2,"minecraft:stone_sword":1,"minecraft:arrow":3,"minecraft:rotten_flesh":7,"minecraft:stone_axe":1,"minecraft:hay_block":58,"minecraft:bread":3,"minecraft:mutton":4,"minecraft:coal":45,"minecraft:white_wool":7,"minecraft:cobblestone":18},"minecraft:used":{"minecraft:stone_pickaxe":12,"minecraft:oak_planks":2,"minecraft:chest":1,"minecraft:wooden_pickaxe":22,"minecraft:iron_chestplate":1,"minecraft:spyglass":20,"minecraft:golden_hoe":35,"minecraft:dirt":7,"minecraft:crafting_table":3,"minecraft:white_bed":2,"vampirism:item_tent":1,"minecraft:apple":1,"minecraft:bread":3,"minecraft:melon_slice":14,"minecraft:stone_axe":65,"minecraft:oak_boat":4,"minecraft:cooked_beef":10},"minecraft:killed":{"minecraft:creeper":1,"minecraft:sheep":3,"minecraft:zombie":6,"vampirism:villager_converted":1}},"DataVersion":3465}