{"stats":{"minecraft:broken":{"minecraft:stone_axe":1,"minecraft:stone_shovel":1},"minecraft:killed_by":{"minecraft:creeper":1,"man:managgresive":1,"minecraft:zombie":1},"minecraft:crafted":{"minecraft:oak_planks":196,"minecraft:stone_shovel":1,"minecraft:smooth_stone_slab":6,"minecraft:birch_boat":1,"minecraft:furnace":3,"minecraft:cooked_mutton":13,"minecraft:glass":8,"minecraft:iron_boots":1,"minecraft:stone_pickaxe":1,"minecraft:chest":2,"minecraft:smoker":2,"minecraft:cooked_beef":21,"minecraft:cooked_porkchop":15,"minecraft:crafting_table":4,"minecraft:spruce_planks":56,"minecraft:wooden_pickaxe":1,"minecraft:birch_planks":120,"minecraft:stone_axe":2,"minecraft:air":0,"minecraft:oak_boat":2,"minecraft:iron_chestplate":1,"minecraft:shield":1,"minecraft:stick":208,"minecraft:iron_ingot":13,"minecraft:stone_sword":1,"minecraft:white_bed":5,"minecraft:acacia_planks":4,"minecraft:torch":12},"minecraft:dropped":{"minecraft:birch_planks":2,"minecraft:wheat_seeds":8,"vampirism:vampire_book":1,"man:cassette_1safetyinstructions":1,"minecraft:jungle_planks":29,"minecraft:dirt":7,"vampirism:enhanced_crossbow":1,"vampirism:enhanced_double_crossbow":1,"minecraft:birch_sapling":2,"minecraft:rotten_flesh":13,"minecraft:cooked_mutton":1,"minecraft:filled_map":1,"minecraft:melon_seeds":1,"minecraft:oak_sapling":4,"minecraft:wooden_pickaxe":1},"minecraft:custom":{"minecraft:mob_kills":61,"minecraft:interact_with_crafting_table":28,"minecraft:damage_dealt_resisted":635,"minecraft:leave_game":2,"minecraft:time_since_death":63731,"minecraft:climb_one_cm":4955,"minecraft:sprint_one_cm":291437,"minecraft:walk_one_cm":236960,"minecraft:drop":23,"vampirism:interact_with_totem":3,"minecraft:talked_to_villager":12,"minecraft:play_time":109936,"minecraft:deaths":4,"minecraft:sneak_time":6562,"minecraft:walk_under_water_one_cm":2826,"minecraft:boat_one_cm":270872,"minecraft:jump":2819,"minecraft:interact_with_blast_furnace":3,"minecraft:walk_on_water_one_cm":20113,"minecraft:total_world_time":109936,"minecraft:interact_with_furnace":30,"minecraft:sleep_in_bed":6,"minecraft:time_since_rest":12185,"minecraft:damage_taken":3970,"minecraft:damage_dealt":8926,"minecraft:swim_one_cm":31261,"minecraft:fly_one_cm":518019,"minecraft:open_chest":13,"minecraft:crouch_one_cm":15829,"minecraft:interact_with_smoker":28,"minecraft:fall_one_cm":85664},"minecraft:mined":{"minecraft:white_bed":9,"minecraft:mossy_cobblestone":1,"minecraft:jungle_leaves":1,"minecraft:acacia_log":1,"minecraft:grass_block":137,"minecraft:jungle_planks":4,"minecraft:spruce_leaves":7,"minecraft:smooth_stone":8,"minecraft:furnace":3,"minecraft:iron_ore":4,"minecraft:bamboo":1,"minecraft:stone":53,"minecraft:smoker":2,"minecraft:crafting_table":6,"minecraft:melon":19,"minecraft:tall_grass":1,"minecraft:cobblestone":5,"minecraft:sugar_cane":1,"minecraft:oak_planks":1,"minecraft:birch_planks":5,"minecraft:cobblestone_wall":1,"minecraft:birch_log":35,"minecraft:spruce_log":15,"minecraft:birch_leaves":7,"minecraft:grass":14,"minecraft:oak_log":61,"minecraft:coal_ore":44,"minecraft:sand":8,"minecraft:dirt":24,"minecraft:oak_leaves":27,"minecraft:fern":1},"minecraft:picked_up":{"minecraft:crafting_table":5,"minecraft:gold_block":1,"minecraft:enchanted_book":1,"minecraft:smooth_stone":8,"minecraft:beef":23,"minecraft:oak_boat":4,"minecraft:melon_slice":174,"minecraft:sugar_cane":2,"minecraft:birch_sapling":2,"minecraft:furnace":4,"minecraft:raw_iron":4,"minecraft:stick":10,"minecraft:acacia_log":1,"minecraft:torch":9,"minecraft:porkchop":15,"vampirism:vampire_fang":2,"minecraft:carrot":1,"vampirism:enhanced_crossbow":1,"minecraft:stone_sword":1,"minecraft:arrow":4,"minecraft:rotten_flesh":8,"minecraft:mutton":28,"minecraft:cobblestone":64,"minecraft:white_wool":22,"minecraft:birch_log":35,"vampirism:vampire_book":1,"vampirism:vampire_blood_bottle":2,"minecraft:leather":12,"minecraft:smoker":2,"minecraft:filled_map":1,"minecraft:birch_planks":36,"minecraft:oak_log":61,"minecraft:gunpowder":2,"minecraft:cobblestone_wall":1,"minecraft:dirt":170,"man:cassette_1safetyinstructions":2,"minecraft:cooked_mutton":12,"minecraft:apple":2,"minecraft:stone_bricks":1,"minecraft:wheat_seeds":5,"minecraft:stone_pickaxe":1,"minecraft:iron_ingot":9,"minecraft:bamboo":24,"minecraft:oak_planks":68,"vampirism:basic_double_crossbow":1,"minecraft:birch_boat":8,"minecraft:cooked_porkchop":3,"minecraft:sand":8,"minecraft:jungle_planks":4,"vampirism:crucifix_normal":1,"minecraft:spruce_sapling":4,"minecraft:white_bed":9,"minecraft:spruce_log":15,"minecraft:mossy_cobblestone":1,"minecraft:stone_axe":1,"vampirism:enhanced_double_crossbow":1,"minecraft:oak_sapling":5,"minecraft:melon_seeds":1,"minecraft:coal":196,"vampirism:hunter_axe_normal":1},"minecraft:used":{"minecraft:stone_sword":104,"minecraft:stone_shovel":131,"minecraft:chest":2,"minecraft:iron_chestplate":1,"minecraft:torch":3,"minecraft:dirt":163,"minecraft:jungle_planks":4,"minecraft:cobblestone_wall":1,"minecraft:glass":8,"minecraft:iron_boots":1,"minecraft:furnace":4,"minecraft:cooked_beef":10,"minecraft:cooked_mutton":13,"minecraft:birch_planks":15,"minecraft:stone_pickaxe":106,"minecraft:oak_planks":5,"minecraft:birch_boat":8,"minecraft:wooden_pickaxe":17,"minecraft:sugar_cane":2,"minecraft:mossy_cobblestone":1,"minecraft:crafting_table":9,"minecraft:white_bed":14,"minecraft:smoker":3,"minecraft:spruce_log":1,"minecraft:oak_log":4,"minecraft:apple":3,"minecraft:melon_slice":19,"minecraft:stone_axe":220,"minecraft:cobblestone":22,"minecraft:cooked_porkchop":11,"minecraft:birch_log":5,"minecraft:smooth_stone_slab":4,"minecraft:oak_boat":5},"minecraft:killed":{"vampirism:vampire":5,"minecraft:spider":2,"minecraft:skeleton":2,"minecraft:pig":7,"minecraft:creeper":2,"vampirism:hunter":1,"minecraft:sheep":18,"minecraft:zombie":10,"minecraft:cow":11}},"DataVersion":3465}