{"stats":{"minecraft:broken":{"minecraft:stone_axe":1},"minecraft:killed_by":{"man:managgresive":1,"minecraft:creeper":1,"minecraft:zombie":1},"minecraft:crafted":{"minecraft:cooked_beef":21,"minecraft:oak_planks":84,"minecraft:cooked_porkchop":10,"minecraft:crafting_table":4,"minecraft:birch_boat":1,"minecraft:wooden_pickaxe":1,"minecraft:furnace":3,"minecraft:birch_planks":44,"minecraft:stone_axe":2,"minecraft:cooked_mutton":13,"minecraft:air":0,"minecraft:oak_boat":1,"minecraft:iron_boots":1,"minecraft:iron_chestplate":1,"minecraft:shield":1,"minecraft:stick":8,"minecraft:iron_ingot":13,"minecraft:stone_pickaxe":1,"minecraft:stone_sword":1,"minecraft:white_bed":1,"minecraft:acacia_planks":4,"minecraft:torch":12,"minecraft:smoker":2},"minecraft:picked_up":{"minecraft:birch_log":11,"minecraft:crafting_table":4,"vampirism:vampire_book":1,"vampirism:vampire_blood_bottle":2,"minecraft:leather":11,"minecraft:smoker":2,"minecraft:birch_planks":33,"minecraft:gold_block":1,"minecraft:enchanted_book":1,"minecraft:oak_log":33,"minecraft:gunpowder":2,"minecraft:dirt":32,"man:cassette_1safetyinstructions":1,"minecraft:cooked_mutton":12,"minecraft:apple":1,"minecraft:stone_bricks":1,"minecraft:wheat_seeds":3,"minecraft:iron_ingot":9,"minecraft:beef":21,"minecraft:stone_pickaxe":1,"minecraft:oak_boat":3,"minecraft:bamboo":24,"minecraft:melon_slice":174,"minecraft:sugar_cane":2,"minecraft:birch_sapling":1,"minecraft:oak_planks":68,"minecraft:furnace":4,"minecraft:stick":5,"minecraft:raw_iron":4,"minecraft:cooked_porkchop":3,"minecraft:birch_boat":5,"minecraft:torch":9,"minecraft:acacia_log":1,"minecraft:porkchop":10,"minecraft:jungle_planks":4,"minecraft:spruce_sapling":4,"vampirism:vampire_fang":2,"minecraft:white_bed":7,"minecraft:spruce_log":12,"minecraft:carrot":1,"minecraft:stone_sword":1,"minecraft:arrow":4,"minecraft:rotten_flesh":8,"minecraft:stone_axe":1,"minecraft:melon_seeds":1,"minecraft:mutton":13,"minecraft:coal":196,"minecraft:white_wool":12,"minecraft:cobblestone":62},"minecraft:mined":{"minecraft:white_bed":7,"minecraft:smoker":2,"minecraft:jungle_leaves":1,"minecraft:crafting_table":5,"minecraft:acacia_log":1,"minecraft:grass_block":9,"minecraft:melon":19,"minecraft:jungle_planks":4,"minecraft:tall_grass":1,"minecraft:cobblestone":3,"minecraft:spruce_leaves":7,"minecraft:oak_planks":1,"minecraft:sugar_cane":1,"minecraft:birch_planks":2,"minecraft:furnace":3,"minecraft:birch_log":11,"minecraft:iron_ore":4,"minecraft:spruce_log":12,"minecraft:birch_leaves":3,"minecraft:grass":10,"minecraft:coal_ore":44,"minecraft:oak_log":33,"minecraft:dirt":12,"minecraft:bamboo":1,"minecraft:stone":53,"minecraft:oak_leaves":26,"minecraft:fern":1},"minecraft:used":{"minecraft:cooked_mutton":13,"minecraft:stone_sword":102,"minecraft:birch_planks":12,"minecraft:oak_planks":2,"minecraft:stone_pickaxe":94,"minecraft:wooden_pickaxe":17,"minecraft:birch_boat":5,"minecraft:iron_chestplate":1,"minecraft:torch":3,"minecraft:dirt":25,"minecraft:crafting_table":7,"minecraft:white_bed":7,"minecraft:jungle_planks":4,"minecraft:smoker":2,"minecraft:oak_log":4,"minecraft:apple":1,"minecraft:melon_slice":19,"minecraft:iron_boots":1,"minecraft:stone_axe":143,"minecraft:cobblestone":16,"minecraft:furnace":3,"minecraft:cooked_porkchop":10,"minecraft:oak_boat":3,"minecraft:cooked_beef":10},"minecraft:killed":{"vampirism:vampire":5,"minecraft:pig":4,"minecraft:spider":2,"minecraft:creeper":2,"vampirism:hunter":1,"minecraft:skeleton":2,"minecraft:sheep":8,"minecraft:zombie":10,"minecraft:cow":10},"minecraft:custom":{"minecraft:interact_with_furnace":23,"minecraft:mob_kills":47,"minecraft:interact_with_crafting_table":19,"minecraft:damage_dealt_resisted":635,"minecraft:leave_game":1,"minecraft:time_since_death":30218,"minecraft:climb_one_cm":4955,"minecraft:sleep_in_bed":4,"minecraft:time_since_rest":8673,"minecraft:sprint_one_cm":225205,"minecraft:damage_taken":3900,"minecraft:walk_one_cm":162487,"minecraft:drop":16,"minecraft:damage_dealt":7726,"minecraft:swim_one_cm":22241,"minecraft:fly_one_cm":389752,"minecraft:open_chest":2,"minecraft:crouch_one_cm":7628,"minecraft:play_time":76423,"minecraft:deaths":4,"minecraft:sneak_time":4801,"minecraft:walk_under_water_one_cm":2601,"minecraft:boat_one_cm":137398,"minecraft:jump":2292,"minecraft:walk_on_water_one_cm":17494,"minecraft:total_world_time":76423,"minecraft:interact_with_smoker":23,"minecraft:fall_one_cm":72431},"minecraft:dropped":{"minecraft:birch_planks":2,"minecraft:wheat_seeds":6,"vampirism:vampire_book":1,"minecraft:birch_sapling":2,"minecraft:rotten_flesh":13,"minecraft:jungle_planks":29,"minecraft:cooked_mutton":1,"minecraft:dirt":7,"minecraft:melon_seeds":1,"minecraft:wooden_pickaxe":1}},"DataVersion":3465}