{"stats":{"minecraft:broken":{"minecraft:stone_axe":1},"minecraft:killed_by":{"minecraft:creeper":1,"man:managgresive":1,"minecraft:zombie":1},"minecraft:crafted":{"minecraft:oak_planks":128,"minecraft:birch_boat":1,"minecraft:furnace":3,"minecraft:cooked_mutton":13,"minecraft:iron_boots":1,"minecraft:stone_pickaxe":1,"minecraft:smoker":2,"minecraft:cooked_beef":21,"minecraft:cooked_porkchop":15,"minecraft:crafting_table":4,"minecraft:wooden_pickaxe":1,"minecraft:birch_planks":44,"minecraft:stone_axe":2,"minecraft:air":0,"minecraft:oak_boat":2,"minecraft:iron_chestplate":1,"minecraft:shield":1,"minecraft:stick":8,"minecraft:iron_ingot":13,"minecraft:stone_sword":1,"minecraft:white_bed":3,"minecraft:acacia_planks":4,"minecraft:torch":12},"minecraft:dropped":{"minecraft:birch_planks":2,"minecraft:wheat_seeds":8,"vampirism:vampire_book":1,"man:cassette_1safetyinstructions":1,"minecraft:jungle_planks":29,"minecraft:dirt":7,"vampirism:enhanced_crossbow":1,"vampirism:enhanced_double_crossbow":1,"minecraft:birch_sapling":2,"minecraft:rotten_flesh":13,"minecraft:cooked_mutton":1,"minecraft:filled_map":1,"minecraft:melon_seeds":1,"minecraft:oak_sapling":4,"minecraft:wooden_pickaxe":1},"minecraft:custom":{"minecraft:mob_kills":54,"minecraft:interact_with_crafting_table":21,"minecraft:damage_dealt_resisted":635,"minecraft:leave_game":2,"minecraft:time_since_death":51731,"minecraft:climb_one_cm":4955,"minecraft:sprint_one_cm":273370,"minecraft:walk_one_cm":202009,"minecraft:drop":23,"vampirism:interact_with_totem":3,"minecraft:talked_to_villager":12,"minecraft:play_time":97936,"minecraft:deaths":4,"minecraft:sneak_time":5107,"minecraft:walk_under_water_one_cm":2694,"minecraft:boat_one_cm":270872,"minecraft:jump":2678,"minecraft:interact_with_blast_furnace":3,"minecraft:walk_on_water_one_cm":18837,"minecraft:total_world_time":97936,"minecraft:interact_with_furnace":25,"minecraft:sleep_in_bed":6,"minecraft:time_since_rest":185,"minecraft:damage_taken":3970,"minecraft:damage_dealt":8366,"minecraft:swim_one_cm":24868,"minecraft:fly_one_cm":494399,"minecraft:open_chest":10,"minecraft:crouch_one_cm":8453,"minecraft:interact_with_smoker":28,"minecraft:fall_one_cm":83640},"minecraft:mined":{"minecraft:white_bed":7,"minecraft:mossy_cobblestone":1,"minecraft:jungle_leaves":1,"minecraft:acacia_log":1,"minecraft:grass_block":10,"minecraft:jungle_planks":4,"minecraft:spruce_leaves":7,"minecraft:smooth_stone":8,"minecraft:furnace":3,"minecraft:iron_ore":4,"minecraft:bamboo":1,"minecraft:stone":53,"minecraft:smoker":2,"minecraft:crafting_table":6,"minecraft:melon":19,"minecraft:tall_grass":1,"minecraft:cobblestone":4,"minecraft:sugar_cane":1,"minecraft:oak_planks":1,"minecraft:birch_planks":2,"minecraft:cobblestone_wall":1,"minecraft:birch_log":11,"minecraft:spruce_log":15,"minecraft:birch_leaves":3,"minecraft:grass":13,"minecraft:oak_log":44,"minecraft:coal_ore":44,"minecraft:sand":8,"minecraft:dirt":13,"minecraft:oak_leaves":26,"minecraft:fern":1},"minecraft:picked_up":{"minecraft:crafting_table":5,"minecraft:gold_block":1,"minecraft:enchanted_book":1,"minecraft:smooth_stone":8,"minecraft:beef":23,"minecraft:oak_boat":4,"minecraft:melon_slice":174,"minecraft:sugar_cane":2,"minecraft:birch_sapling":1,"minecraft:furnace":4,"minecraft:raw_iron":4,"minecraft:stick":6,"minecraft:acacia_log":1,"minecraft:torch":9,"minecraft:porkchop":15,"vampirism:vampire_fang":2,"minecraft:carrot":1,"vampirism:enhanced_crossbow":1,"minecraft:stone_sword":1,"minecraft:arrow":4,"minecraft:rotten_flesh":8,"minecraft:mutton":17,"minecraft:cobblestone":63,"minecraft:white_wool":15,"minecraft:birch_log":11,"vampirism:vampire_book":1,"vampirism:vampire_blood_bottle":2,"minecraft:leather":12,"minecraft:smoker":2,"minecraft:filled_map":1,"minecraft:birch_planks":33,"minecraft:oak_log":44,"minecraft:gunpowder":2,"minecraft:cobblestone_wall":1,"minecraft:dirt":32,"man:cassette_1safetyinstructions":2,"minecraft:cooked_mutton":12,"minecraft:apple":2,"minecraft:stone_bricks":1,"minecraft:wheat_seeds":5,"minecraft:stone_pickaxe":1,"minecraft:iron_ingot":9,"minecraft:bamboo":24,"minecraft:oak_planks":68,"vampirism:basic_double_crossbow":1,"minecraft:birch_boat":8,"minecraft:cooked_porkchop":3,"minecraft:sand":8,"minecraft:jungle_planks":4,"vampirism:crucifix_normal":1,"minecraft:spruce_sapling":4,"minecraft:white_bed":7,"minecraft:spruce_log":15,"minecraft:mossy_cobblestone":1,"minecraft:stone_axe":1,"vampirism:enhanced_double_crossbow":1,"minecraft:oak_sapling":4,"minecraft:melon_seeds":1,"minecraft:coal":196,"vampirism:hunter_axe_normal":1},"minecraft:used":{"minecraft:stone_sword":104,"minecraft:iron_chestplate":1,"minecraft:torch":3,"minecraft:dirt":25,"minecraft:jungle_planks":4,"minecraft:iron_boots":1,"minecraft:furnace":4,"minecraft:cooked_beef":10,"minecraft:cooked_mutton":13,"minecraft:birch_planks":12,"minecraft:stone_pickaxe":105,"minecraft:oak_planks":5,"minecraft:birch_boat":8,"minecraft:wooden_pickaxe":17,"minecraft:mossy_cobblestone":1,"minecraft:crafting_table":9,"minecraft:white_bed":8,"minecraft:smoker":3,"minecraft:spruce_log":1,"minecraft:oak_log":4,"minecraft:apple":3,"minecraft:melon_slice":19,"minecraft:stone_axe":166,"minecraft:cobblestone":22,"minecraft:cooked_porkchop":11,"minecraft:oak_boat":5},"minecraft:killed":{"vampirism:vampire":5,"minecraft:spider":2,"minecraft:skeleton":2,"minecraft:pig":7,"minecraft:creeper":2,"vampirism:hunter":1,"minecraft:sheep":11,"minecraft:zombie":10,"minecraft:cow":11}},"DataVersion":3465}