{"stats":{"minecraft:picked_up":{"minecraft:crafting_table":1,"minecraft:rotten_flesh":1,"minecraft:leather":5,"minecraft:wheat_seeds":1,"minecraft:potato":1,"minecraft:beef":12,"minecraft:cherry_log":4,"minecraft:gunpowder":1,"minecraft:mutton":2,"minecraft:white_wool":2,"minecraft:egg":1},"minecraft:used":{"minecraft:wooden_axe":29,"minecraft:apple":7,"minecraft:crafting_table":1},"minecraft:killed":{"minecraft:sheep":2,"minecraft:spider":1,"minecraft:zombie":3,"minecraft:creeper":1,"minecraft:cow":6},"minecraft:custom":{"minecraft:open_chest":3,"minecraft:time_since_rest":1800,"minecraft:play_time":14675,"minecraft:sprint_one_cm":46816,"minecraft:damage_taken":310,"minecraft:walk_one_cm":27569,"minecraft:mob_kills":14,"minecraft:jump":403,"minecraft:interact_with_brewingstand":1,"minecraft:damage_dealt":1639,"minecraft:leave_game":4,"minecraft:time_since_death":14675,"minecraft:sleep_in_bed":1,"minecraft:total_world_time":14675,"minecraft:interact_with_crafting_table":1,"minecraft:fall_one_cm":14779,"minecraft:fly_one_cm":102824},"minecraft:mined":{"minecraft:grass":8,"minecraft:tall_grass":1,"minecraft:cherry_log":4,"minecraft:crafting_table":1},"minecraft:crafted":{"minecraft:cherry_planks":16,"minecraft:crafting_table":1,"minecraft:stick":4,"minecraft:wooden_axe":1}},"DataVersion":3465}