{"stats":{"minecraft:mined":{"minecraft:cherry_log":4,"minecraft:crafting_table":1},"minecraft:custom":{"minecraft:time_since_rest":8030,"minecraft:open_chest":3,"minecraft:sprint_one_cm":33536,"minecraft:play_time":8030,"minecraft:damage_taken":110,"minecraft:walk_one_cm":11450,"minecraft:mob_kills":7,"minecraft:jump":271,"minecraft:interact_with_brewingstand":1,"minecraft:damage_dealt":680,"minecraft:leave_game":2,"minecraft:time_since_death":8030,"minecraft:total_world_time":8030,"minecraft:interact_with_crafting_table":1,"minecraft:fall_one_cm":11460,"minecraft:fly_one_cm":74991},"minecraft:crafted":{"minecraft:cherry_planks":16,"minecraft:crafting_table":1,"minecraft:stick":4,"minecraft:wooden_axe":1},"minecraft:killed":{"minecraft:sheep":1,"minecraft:cow":6},"minecraft:picked_up":{"minecraft:crafting_table":1,"minecraft:leather":5,"minecraft:beef":12,"minecraft:cherry_log":4,"minecraft:mutton":1,"minecraft:white_wool":1},"minecraft:used":{"minecraft:wooden_axe":8,"minecraft:apple":4,"minecraft:crafting_table":1}},"DataVersion":3465}